,MAE (log),RMSE (log),MAE,RMSE,R²
linear,0.7289989145923707,0.9287647795758807,3844.856992685702,20395.683051587403,0.4080669332462704
decision_tree,0.33078886229326543,0.4334758111332622,960.2424613934884,2310.9814301045976,0.8710590512047918
random_forest,0.12628289623574737,0.1915120357614535,491.7485490505897,2049.9518780659314,0.9748317353876143
gradient_boosting,0.12940640521168556,0.1840355631644075,474.73332412957495,1605.1690571795093,0.9767584742678421
