,MAE (log),RMSE (log),MAE,RMSE,R²
linear,0.7168550836351216,1.0020028517265342,491.490493056076,1289.1586387663535,0.4809070687560423
decision_tree,1.0681280731001852,1.328908804781866,617.5888874138296,1330.2255587187763,0.08694369964467397
random_forest,0.8358089331368339,1.0389553724292038,489.2240194456958,1267.49661849989,0.44191418238720537
gradient_boosting,0.76162914937551,0.9773436658377218,433.48242241482706,1084.2659169517124,0.5061423277090349
