,MAE (log),RMSE (log),MAE,RMSE,R²
linear,0.7456738759490968,1.0439399824912048,533.4551666427145,1347.817366349204,0.43654626478107306
decision_tree,1.0382563798436424,1.3888184095753051,517.2852872829916,1330.3297372697768,0.0027635840520142674
random_forest,0.8234173566897688,1.0497774660703567,479.16781293925726,1275.182460683014,0.43022722711489747
gradient_boosting,0.66957858569937,0.8690583213477353,400.8124174897553,1090.1232439488394,0.6095143806185949
