,MAE (log),RMSE (log),MAE,RMSE,R²
linear,0.10841550971095479,0.13029080768623347,723.2298712138875,871.2686944446461,-0.5062417698005779
decision_tree,0.020762649589404585,0.025874911672889998,148.34935858402915,188.6550939193067,0.9405947420303424
random_forest,0.027141398686072075,0.03607007095401353,189.28412672734424,254.0707136437833,0.8845587215968812
gradient_boosting,0.022029009115610995,0.027800764311278408,156.26848852636607,203.4582271732346,0.9314226646556039
